﻿{"cameraMode":{"drawMode":0,"name":"Shaded","section":"Shading Mode"},"sceneLighting":false,"audioPlay":false,"sceneViewState":{"showFog":true,"showMaterialUpdate":false,"showSkybox":false,"showFlares":true,"showImageEffects":true,"showParticleSystems":true},"in2DMode":false,"pivot":{"x":1.3018423318862916,"y":0.7550798058509827,"z":0.02889823727309704},"rotation":{"x":-0.2914971709251404,"y":0.010614972561597824,"z":-0.0032348348759114744,"w":-0.9565073251724243},"size":51.32073974609375,"orthographic":false}